{"stats":{"minecraft:killed":{"minecraft:witch":1,"nuggets_dungeons_ii:sand_rat":1,"minecraft:zombie_villager":1,"minecraft:spider":3,"minecraft:vindicator":1,"minecraft:slime":68,"nuggets_dungeons_ii:muncher":2,"minecraft:sheep":3,"minecraft:skeleton":1,"minecraft:pillager":7,"minecraft:zombie":2},"minecraft:custom":{"minecraft:mob_kills":90,"tombstone:raider_killed":9,"minecraft:interact_with_crafting_table":10,"minecraft:play_one_minute":63337,"minecraft:eat_cake_slice":1,"minecraft:leave_game":3,"minecraft:time_since_death":49743,"minecraft:sleep_in_bed":1,"minecraft:climb_one_cm":1807,"minecraft:time_since_rest":10165,"minecraft:sprint_one_cm":222192,"minecraft:damage_taken":2253,"minecraft:walk_one_cm":198616,"minecraft:drop":15,"minecraft:damage_dealt":7534,"minecraft:swim_one_cm":2477,"minecraft:fly_one_cm":309988,"minecraft:open_chest":14,"minecraft:crouch_one_cm":2243,"tombstone:undead_killed":4,"minecraft:deaths":1,"minecraft:sneak_time":559,"minecraft:walk_under_water_one_cm":1551,"minecraft:jump":1478,"minecraft:walk_on_water_one_cm":10699,"minecraft:fall_one_cm":42763},"minecraft:broken":{"minecraft:wooden_axe":2},"minecraft:used":{"theabyss:tantra_grass":1,"minecraft:stone_sword":154,"minecraft:oak_planks":43,"minecraft:wooden_pickaxe":9,"minecraft:orange_bed":1,"minecraft:torch":1,"minecraft:dirt":9,"minecraft:sand":1,"minecraft:crafting_table":7,"minecraft:red_bed":2,"minecraft:oak_log":64,"minecraft:wooden_axe":18,"minecraft:dark_oak_log":45,"minecraft:bread":35,"minecraft:melon_slice":3,"minecraft:iron_axe":30,"minecraft:iron_pickaxe":48,"minecraft:wooden_sword":19,"minecraft:cobblestone":7},"minecraft:killed_by":{"undead:themoonflower":1},"minecraft:crafted":{"minecraft:wooden_sword":1,"minecraft:oak_planks":268,"minecraft:crafting_table":4,"minecraft:wooden_pickaxe":1,"minecraft:bread":102,"minecraft:iron_chestplate":1,"minecraft:iron_axe":1,"minecraft:stick":4,"minecraft:iron_pickaxe":1,"minecraft:wooden_axe":2,"minecraft:white_bed":1,"minecraft:dark_oak_planks":148,"minecraft:wheat":306},"minecraft:mined":{"theabyss:wart_rank":2,"minecraft:diamond_ore":3,"duneons:soggyswamobricks":2,"minecraft:spruce_planks":2,"minecraft:red_bed":2,"minecraft:dark_oak_log":46,"ba_bt:bt_land_spawner":1,"minecraft:oak_fence":1,"minecraft:crafting_table":4,"minecraft:honey_block":1,"theabyss:blue_shroomlight":1,"duneons:swampfern":17,"minecraft:melon":3,"theabyss:lumus_grass":2,"duneons:inventorytable":1,"minecraft:tall_grass":3,"minecraft:cobblestone":1,"minecraft:composter":1,"minecraft:sugar_cane":1,"minecraft:bricks":1,"minecraft:spawner":2,"minecraft:hay_block":36,"minecraft:spruce_stairs":1,"minecraft:glowstone":4,"duneons:wood_stronghold":4,"graveyard:tg_deepslate_brick_slab":3,"extcaves:rockpile_two_stone":1,"minecraft:cobblestone_slab":1,"theabyss:tantra_grass":1,"minecraft:grass":14,"minecraft:oak_log":78,"minecraft:coal_ore":10,"duneons:cobwebdig":1,"minecraft:oak_stairs":1,"graveyard:tg_cobbled_deepslate_slab":1,"minecraft:cobweb":1,"minecraft:cracked_stone_bricks":1,"minecraft:stone_bricks":2,"minecraft:stone":7,"minecraft:mossy_stone_bricks":1,"minecraft:oak_leaves":3,"duneons:breaksoggyswamobricks":9,"minecraft:orange_bed":1},"minecraft:dropped":{"minecraft:bread":32,"minecraft:wheat_seeds":1,"minecraft:stone_sword":1,"minecraft:leather":10,"minecraft:peony":1,"minecraft:oak_sapling":9},"minecraft:picked_up":{"paraglider:paraglider":1,"livingthings:lion":2,"theabyss:blue_shroomlight":1,"minecraft:crafting_table":4,"minecraft:leather":6,"minecraft:oak_stairs":1,"minecraft:enchanted_book":1,"paraglider:spirit_orb":4,"minecraft:oak_log":68,"tombstone:grave_key":1,"minecraft:dirt":15,"minecraft:string":1,"minecraft:red_bed":2,"minecraft:iron_leggings":1,"minecraft:leather_boots":1,"minecraft:bone":3,"theabyss:tantra_grass":1,"minecraft:wheat_seeds":4,"minecraft:spruce_planks":1,"minecraft:iron_ingot":9,"duneons:swampfern":9,"minecraft:melon_slice":14,"minecraft:iron_boots":1,"minecraft:stick":7,"minecraft:oak_fence":1,"minecraft:torch":1,"minecraft:spruce_stairs":1,"minecraft:gray_dye":1,"minecraft:sand":1,"minecraft:dark_oak_log":37,"duneons:wood_stronghold":4,"minecraft:orange_bed":1,"graveyard:tg_cobbled_deepslate_slab":1,"minecraft:stone_sword":1,"minecraft:slime_ball":39,"minecraft:diamond":3,"minecraft:peony":2,"minecraft:iron_helmet":1,"duneons:inventorytable":1,"minecraft:hay_block":34,"graveyard:tg_deepslate_brick_slab":3,"extcaves:pebble_stone":2,"minecraft:emerald":1,"minecraft:oak_sapling":14,"duneons:cobwebdig":1,"minecraft:melon_seeds":2,"minecraft:white_wool":3,"minecraft:coal":10,"minecraft:cobblestone":7}},"DataVersion":2586}