{"stats":{"minecraft:custom":{"minecraft:mob_kills":121,"minecraft:interact_with_crafting_table":20,"minecraft:open_barrel":6,"minecraft:damage_dealt_resisted":179,"minecraft:leave_game":1,"minecraft:time_since_death":3911,"minecraft:climb_one_cm":1408,"minecraft:sprint_one_cm":454392,"minecraft:walk_one_cm":208383,"minecraft:damage_blocked_by_shield":655,"minecraft:drop":27,"minecraft:deaths":15,"minecraft:sneak_time":2678,"minecraft:walk_under_water_one_cm":22122,"minecraft:jump":2679,"minecraft:interact_with_brewingstand":1,"minecraft:walk_on_water_one_cm":22481,"tombstone:raider_killed":23,"minecraft:play_one_minute":107430,"minecraft:sleep_in_bed":5,"minecraft:time_since_rest":3940,"minecraft:open_enderchest":1,"minecraft:damage_taken":14542,"minecraft:trigger_trapped_chest":1,"minecraft:damage_dealt":18846,"minecraft:fly_one_cm":575203,"minecraft:swim_one_cm":80499,"minecraft:open_chest":50,"minecraft:crouch_one_cm":5580,"tombstone:undead_killed":26,"minecraft:fall_one_cm":105885},"minecraft:killed":{"livingthings:snail":1,"minecraft:vindicator":7,"minecraft:spider":3,"nuggets_dungeons_ii:scarecrow":1,"minecraft:slime":38,"minecraft:skeleton":5,"whisperwoods:wisp":1,"undead:spitter":4,"undead:thebomber":1,"undead:themoonflower":7,"nuggets_dungeons_ii:knight":4,"minecraft:creeper":1,"minecraft:sheep":3,"untamedwilds:tortoise":1,"minecraft:pillager":16,"minecraft:zombie":9,"nuggets_dungeons_ii:crimson_knight":1,"alexsmobs:gazelle":2,"ba_bt:land_golem":1},"minecraft:broken":{"minecraft:iron_leggings":1,"minecraft:iron_helmet":1},"minecraft:used":{"minecraft:spruce_planks":5,"minecraft:shield":19,"minecraft:stone":93,"minecraft:torch":3,"minecraft:dirt":1,"minecraft:spruce_stairs":1,"nuggets_dungeons_ii:copper_bricks":3,"spartanweaponry:quarterstaff_diamond":7,"minecraft:wooden_axe":38,"minecraft:iron_axe":65,"minecraft:stone_bricks":101,"tombstone:gift":4,"duneons:soggyswamobricks":7,"minecraft:cooked_beef":3,"minecraft:water_bucket":39,"minecraft:oak_planks":44,"minecraft:wooden_pickaxe":5,"nuggets_dungeons_ii:copper_blade":4,"minecraft:crafting_table":14,"nuggets_dungeons_ii:skyblade":302,"minecraft:white_bed":7,"minecraft:oak_log":60,"minecraft:bread":98,"minecraft:iron_pickaxe":177,"theabyss:blue_shroomlight":1,"minecraft:cobblestone":21,"minecraft:bucket":40,"minecraft:andesite":2,"minecraft:experience_bottle":1,"nuggets_dungeons_ii:crimson":36},"minecraft:killed_by":{"minecraft:player":9,"minecraft:vindicator":2,"theabyss:magical_deer":1,"untamedwilds:big_cat":1,"undead:themoonflower":1,"minecraft:vex":1},"minecraft:crafted":{"minecraft:wooden_sword":1,"minecraft:oak_planks":228,"minecraft:iron_axe":1,"minecraft:wheat":254,"paraglider:paraglider":2,"minecraft:emerald":9,"minecraft:crafting_table":3,"minecraft:wooden_pickaxe":1,"minecraft:bucket":1,"minecraft:bread":87,"minecraft:iron_chestplate":1,"minecraft:stick":48,"minecraft:wooden_axe":2,"minecraft:iron_pickaxe":1,"minecraft:white_bed":1},"minecraft:mined":{"minecraft:dark_oak_planks":7,"minecraft:diamond_ore":5,"minecraft:spruce_planks":18,"minecraft:white_bed":6,"minecraft:light_gray_stained_glass_pane":1,"nefdecomod:ravager_s_kull_desert":1,"minecraft:mossy_cobblestone":1,"graveyard:gray_urn":1,"minecraft:spruce_trapdoor":1,"minecraft:grass_block":6,"minecraft:spruce_fence":2,"minecraft:redstone_wire":2,"minecraft:chiseled_stone_bricks":2,"minecraft:spawner":5,"minecraft:hay_block":29,"extcaves:oldstone":1,"minecraft:glowstone":1,"minecraft:furnace":1,"minecraft:carrots":5,"minecraft:mossy_cobblestone_stairs":1,"minecraft:iron_ore":1,"minecraft:andesite":6,"minecraft:black_concrete":1,"minecraft:potatoes":5,"minecraft:oak_stairs":3,"minecraft:iron_bars":6,"minecraft:stone":18,"minecraft:white_wool":1,"duneons:soggyswamobricks":20,"ba_bt:bt_land_spawner":7,"minecraft:crafting_table":13,"untamedwilds:flora_bush_temperate":3,"theabyss:blue_shroomlight":2,"minecraft:white_stained_glass_pane":1,"minecraft:chest":1,"minecraft:dead_bush":1,"minecraft:mushroom_stem":2,"minecraft:tall_grass":4,"minecraft:cobblestone":3,"minecraft:sugar_cane":1,"minecraft:skeleton_skull":1,"minecraft:spruce_stairs":2,"minecraft:chain":1,"minecraft:jungle_wood":1,"minecraft:wheat":4,"duneons:wood_stronghold":12,"minecraft:smooth_stone_slab":1,"extcaves:brokenstone":6,"minecraft:stone_brick_stairs":7,"minecraft:grass":17,"minecraft:oak_log":64,"minecraft:beetroots":3,"nuggets_dungeons_ii:copper_bricks":3,"minecraft:dirt":1,"minecraft:cobweb":5,"minecraft:cracked_stone_bricks":4,"minecraft:red_mushroom_block":1,"minecraft:stone_bricks":61,"minecraft:stripped_crimson_stem":2,"minecraft:mossy_stone_bricks":1,"minecraft:oak_leaves":13,"minecraft:emerald_block":1},"minecraft:dropped":{"minecraft:enchanted_book":1,"minecraft:bread":5,"minecraft:wheat_seeds":1,"minecraft:diamond":1,"minecraft:crossbow":1,"minecraft:leather":2,"minecraft:apple":1,"paraglider:spirit_orb":6,"minecraft:golden_carrot":9,"tombstone:grave_key":2,"minecraft:gold_nugget":6,"minecraft:bone_meal":1,"minecraft:white_banner":1,"paraglider:paraglider":1,"minecraft:stone_sword":1,"minecraft:rotten_flesh":3,"minecraft:stone":35,"minecraft:leather_boots":1,"minecraft:oak_sapling":5,"nuggets_dungeons_ii:skyblade":1},"minecraft:picked_up":{"duneons:soggyswamobricks":20,"minecraft:wheat":7,"minecraft:crafting_table":12,"minecraft:iron_chestplate":1,"minecraft:ladder":1,"minecraft:oak_stairs":3,"minecraft:enchanted_book":1,"minecraft:stone_brick_stairs":1,"minecraft:string":5,"minecraft:smooth_stone_slab":1,"minecraft:iron_leggings":1,"minecraft:beetroot":3,"spartanweaponry:quarterstaff_diamond":1,"minecraft:cracked_stone_bricks":3,"minecraft:gold_nugget":7,"minecraft:spruce_planks":6,"minecraft:chest":1,"minecraft:spruce_trapdoor":1,"minecraft:iron_boots":1,"minecraft:furnace":1,"minecraft:stick":19,"minecraft:spruce_stairs":2,"minecraft:spruce_fence":2,"tombstone:grave_dust":3,"minecraft:carrot":19,"minecraft:redstone":2,"minecraft:dark_oak_planks":5,"minecraft:stone_sword":1,"minecraft:arrow":7,"minecraft:rotten_flesh":21,"minecraft:tropical_fish":1,"minecraft:hay_block":34,"minecraft:mutton":8,"minecraft:iron_bars":6,"minecraft:skeleton_skull":1,"minecraft:white_wool":5,"minecraft:rail":6,"minecraft:cobblestone":31,"theabyss:blue_shroomlight":2,"minecraft:leather_chestplate":2,"nuggets_dungeons_ii:crimson":1,"minecraft:andesite":5,"minecraft:leather":12,"minecraft:red_mushroom":2,"minecraft:potato":15,"paraglider:spirit_orb":12,"minecraft:oak_log":57,"minecraft:white_banner":3,"minecraft:dirt":3,"minecraft:lantern":2,"tombstone:gift":1,"untamedwilds:food_turtle_raw":2,"minecraft:name_tag":1,"minecraft:leather_boots":1,"minecraft:bone":7,"minecraft:apple":2,"minecraft:stone_bricks":66,"minecraft:bow":1,"minecraft:wheat_seeds":4,"minecraft:iron_ingot":3,"minecraft:iron_ore":1,"minecraft:glowstone_dust":2,"minecraft:emerald_block":1,"nuggets_dungeons_ii:copper_bricks":3,"minecraft:stone_brick_slab":3,"minecraft:white_bed":6,"nuggets_dungeons_ii:skyblade":1,"nefdecomod:ravager_s_kull_desert":1,"minecraft:mossy_cobblestone":1,"duneons:wood_stronghold":12,"nefdecomod:ravager_skull":1,"minecraft:iron_hoe":1,"minecraft:slime_ball":11,"minecraft:diamond":8,"minecraft:iron_helmet":2,"minecraft:crossbow":1,"minecraft:painting":1,"minecraft:bone_meal":1,"minecraft:golden_apple":2,"minecraft:mossy_cobblestone_stairs":1,"minecraft:emerald":3,"minecraft:bread":42,"ba_bt:guardian_eye_land":1,"minecraft:oak_sapling":9}},"DataVersion":2586}