{"stats":{"minecraft:custom":{"minecraft:jump":24,"minecraft:time_since_rest":1628,"minecraft:crouch_one_cm":216,"minecraft:play_one_minute":1628,"minecraft:leave_game":1,"minecraft:sprint_one_cm":670,"minecraft:walk_on_water_one_cm":1139,"minecraft:time_since_death":1628,"minecraft:walk_one_cm":8968,"minecraft:sneak_time":23,"minecraft:walk_under_water_one_cm":71,"minecraft:fall_one_cm":209,"minecraft:fly_one_cm":1525},"minecraft:mined":{"minecraft:grass_block":1},"minecraft:picked_up":{"minecraft:dirt":1}},"DataVersion":2586}