{"stats":{"minecraft:killed":{"minecraft:spider":6,"minecraft:vindicator":3,"minecraft:slime":53,"betteranimalsplus:moose":1,"minecraft:skeleton":2,"graveyard:acolyte":5,"nuggets_dungeons_ii:vampire":8,"undead:themoonflower":2,"nuggets_dungeons_ii:stone_statue":2,"undead:thewolf":1,"minecraft:creeper":2,"minecraft:pillager":11,"minecraft:zombie":14,"untamedwilds:snake":3,"undead:the_screecher":2},"minecraft:custom":{"minecraft:mob_kills":123,"minecraft:interact_with_crafting_table":12,"minecraft:open_barrel":53,"minecraft:damage_dealt_resisted":56,"minecraft:leave_game":1,"minecraft:time_since_death":22753,"minecraft:climb_one_cm":4320,"minecraft:sprint_one_cm":281677,"minecraft:walk_one_cm":286716,"minecraft:damage_blocked_by_shield":175,"minecraft:drop":156,"minecraft:play_noteblock":1,"minecraft:talked_to_villager":3,"minecraft:deaths":8,"minecraft:sneak_time":2697,"minecraft:walk_under_water_one_cm":4898,"minecraft:jump":2286,"minecraft:walk_on_water_one_cm":30834,"tombstone:raider_killed":14,"minecraft:tune_noteblock":1,"minecraft:play_one_minute":106988,"minecraft:sleep_in_bed":1,"minecraft:time_since_rest":22783,"minecraft:open_enderchest":5,"minecraft:damage_taken":7730,"minecraft:damage_absorbed":85,"minecraft:damage_dealt":14932,"minecraft:swim_one_cm":53879,"minecraft:fly_one_cm":452553,"minecraft:open_chest":76,"minecraft:crouch_one_cm":5913,"tombstone:undead_killed":21,"minecraft:fall_one_cm":85261},"minecraft:broken":{"minecraft:iron_boots":1,"minecraft:iron_leggings":1,"minecraft:iron_axe":1},"minecraft:used":{"minecraft:shield":3,"minecraft:stone":35,"minecraft:orange_bed":1,"minecraft:dirt":4,"minecraft:wooden_axe":5,"duneons:glaivespooky":62,"minecraft:dark_oak_planks":5,"minecraft:iron_axe":285,"carryon:entity_item":2,"minecraft:bow":1,"paraglider:rito_goddess_statue":3,"minecraft:golden_carrot":11,"tombstone:gift":2,"duneons:soggyswamobricks":14,"nefdecomod:wardrobe_4":1,"nefdecomod:apples":13,"minecraft:birch_planks":45,"minecraft:oak_planks":135,"nefdecomod:cage_top":5,"minecraft:golden_apple":3,"graveyard:small_light_gray_urn":2,"minecraft:crafting_table":5,"nuggets_dungeons_ii:air_bricks":6,"minecraft:note_block":1,"minecraft:black_bed":1,"nefdecomod:cage":9,"minecraft:oak_log":47,"nefdecomod:fruit_box_apples":1,"minecraft:diamond_pickaxe":227,"minecraft:apple":38,"minecraft:diamond_shovel":19,"minecraft:bread":11,"minecraft:diamond_sword":169,"minecraft:birch_log":29},"minecraft:killed_by":{"minecraft:player":3,"graveyard:acolyte":2,"undead:themoonflower":1,"minecraft:vex":2},"minecraft:crafted":{"minecraft:oak_planks":128,"minecraft:iron_axe":2,"minecraft:dark_oak_planks":8,"minecraft:crafting_table":4,"minecraft:birch_planks":136,"minecraft:diamond_pickaxe":1,"minecraft:shield":2,"minecraft:stick":16,"minecraft:iron_ingot":9,"minecraft:wooden_axe":1},"minecraft:mined":{"theabyss:tantra_grass_small":2,"duneons:swampdirt":1,"minecraft:red_carpet":1,"extcaves:treasure_pot_long":1,"minecraft:spruce_planks":9,"minecraft:light_gray_stained_glass_pane":1,"theabyss:ruma_log_vine":1,"minecraft:dark_oak_leaves":3,"graveyard:gray_urn":1,"paraglider:rito_goddess_statue":4,"minecraft:brewing_stand":1,"minecraft:granite":1,"duneons:swampfern":30,"minecraft:grass_block":7,"minecraft:jungle_planks":2,"theabyss:lumus_grass":1,"graveyard:tg_polished_deepslate_slab":10,"minecraft:cracked_polished_blackstone_bricks":2,"minecraft:redstone_wire":1,"minecraft:soul_soil":1,"minecraft:spruce_leaves":4,"minecraft:chiseled_stone_bricks":2,"theabyss:vealus_meramus":1,"minecraft:spawner":5,"minecraft:smooth_stone":10,"graveyard:small_light_blue_urn":1,"minecraft:red_concrete_powder":4,"graveyard:tg_moss_block":3,"nefdecomod:wardrobe_4":2,"minecraft:barrel":1,"nefdecomod:barrel_apples":2,"minecraft:mossy_stone_brick_stairs":1,"minecraft:bookshelf":53,"minecraft:oak_stairs":2,"minecraft:vine":1,"minecraft:iron_bars":6,"graveyard:tg_cobbled_deepslate_slab":12,"nefdecomod:cage_top":5,"nefdecomod:apples":14,"minecraft:stone":12,"minecraft:iron_block":1,"minecraft:spruce_slab":1,"minecraft:orange_bed":1,"duneons:soggyswamobricks":14,"duneons:swampgrassside":2,"nuggets_dungeons_ii:air_bricks":22,"minecraft:brown_carpet":1,"minecraft:stripped_dark_oak_log":9,"minecraft:stone_brick_slab":1,"nefdecomod:coins":1,"ba_bt:bt_land_spawner":7,"extcaves:treasure_pot":3,"minecraft:polished_granite":2,"graveyard:small_light_gray_urn":3,"minecraft:crafting_table":1,"nefdecomod:cage":9,"minecraft:note_block":1,"graveyard:tg_rooted_dirt":2,"minecraft:honey_block":11,"minecraft:gray_stained_glass":2,"minecraft:chest":1,"theabyss:tantra_grass_big":4,"graveyard:tg_grass_block":2,"minecraft:tall_grass":2,"minecraft:oak_planks":100,"minecraft:bricks":2,"theabyss:lazarus_grass":1,"minecraft:spruce_stairs":6,"minecraft:birch_planks":29,"minecraft:coarse_dirt":1,"minecraft:repeater":1,"minecraft:brick_slab":1,"graveyard:vase_block":2,"graveyard:wither_skeleton_hand":1,"nefdecomod:joyas":1,"minecraft:birch_log":34,"minecraft:wheat":2,"duneons:wood_stronghold":5,"graveyard:tg_deepslate_brick_slab":4,"graveyard:moss_block":2,"minecraft:black_bed":1,"minecraft:stone_brick_stairs":2,"theabyss:lumus_rank":2,"minecraft:grass":23,"theabyss:tantra_grass":2,"minecraft:oak_log":43,"graveyard:tg_deepslate_tile_slab":2,"minecraft:beetroots":2,"theabyss:tantra_grass_middle":14,"nefdecomod:fruit_box_apples":1,"minecraft:dirt":18,"minecraft:cobweb":2,"minecraft:cracked_stone_bricks":3,"minecraft:stone_bricks":17,"minecraft:netherrack":1,"minecraft:mossy_stone_bricks":2,"minecraft:oak_leaves":4,"minecraft:fern":2},"minecraft:dropped":{"minecraft:iron_ingot":9,"minecraft:bread":63,"minecraft:birch_planks":183,"minecraft:wheat_seeds":5,"minecraft:oak_log":2,"graveyard:tg_rooted_dirt":1,"minecraft:tnt":2,"graveyard:tg_moss_block":3,"minecraft:book":210,"minecraft:iron_helmet":3,"minecraft:cobblestone":11,"minecraft:lantern":1,"minecraft:leather":5,"minecraft:granite":1,"minecraft:coal":4,"minecraft:item_frame":2,"minecraft:golden_apple":2,"minecraft:red_carpet":12,"minecraft:stick":14,"minecraft:dirt":6,"minecraft:wooden_axe":2,"minecraft:crimson_sign":1,"minecraft:iron_leggings":5,"minecraft:white_banner":4,"minecraft:wither_rose":2,"minecraft:dark_oak_planks":3,"minecraft:dandelion":1,"duneons:swampfern":21,"minecraft:bone":12,"minecraft:redstone":5,"minecraft:bricks":1,"minecraft:birch_sapling":10,"minecraft:beetroot":1,"minecraft:soul_lantern":4,"minecraft:stripped_dark_oak_log":2,"nefdecomod:reinforced_chainmail_helmet":1,"minecraft:oak_planks":75,"minecraft:iron_boots":2,"nefdecomod:oak_barrel":1,"minecraft:leather_chestplate":2,"minecraft:tipped_arrow":8,"duneons:minerarmor_chestplate":1,"minecraft:iron_chestplate":2,"graveyard:moss_block":1,"minecraft:beetroot_seeds":1,"minecraft:leather_boots":1,"minecraft:oak_sapling":5,"minecraft:redstone_torch":1,"minecraft:stone_bricks":11,"minecraft:brown_carpet":1,"minecraft:iron_bars":3,"nefdecomod:wardrobe_4":1,"nefdecomod:macuahuitl_destroyed":2,"minecraft:stone_brick_stairs":1,"minecraft:enchanted_book":9},"minecraft:picked_up":{"nefdecomod:jewels":2,"duneons:soggyswamobricks":14,"minecraft:crafting_table":1,"minecraft:iron_chestplate":1,"nefdecomod:oak_barrel":1,"minecraft:enchanted_book":5,"minecraft:wither_rose":2,"nefdecomod:reinforced_leather_leggings":3,"nefdecomod:wardrobe_4":4,"minecraft:stone_brick_stairs":1,"minecraft:brewing_stand":1,"minecraft:item_frame":2,"minecraft:string":7,"nefdecomod:apples":12,"nefdecomod:macuahuitl_destroyed":2,"minecraft:iron_leggings":2,"minecraft:armor_stand":1,"minecraft:beetroot":1,"nefdecomod:reinforced_leather_boots":3,"paraglider:rito_goddess_statue":4,"minecraft:gold_nugget":6,"minecraft:smooth_stone":1,"minecraft:spruce_planks":7,"minecraft:redstone_torch":1,"minecraft:enchanted_golden_apple":1,"minecraft:chest":1,"minecraft:birch_sapling":10,"minecraft:crimson_sign":1,"minecraft:iron_boots":1,"minecraft:tipped_arrow":4,"minecraft:stick":13,"nefdecomod:cage_top":5,"minecraft:stone":37,"nuggets_dungeons_ii:blood_vial":8,"minecraft:spruce_stairs":4,"minecraft:note_block":1,"nuggets_dungeons_ii:air_bricks":6,"tombstone:grave_dust":6,"minecraft:warped_button":1,"minecraft:redstone":7,"minecraft:brown_carpet":2,"minecraft:tnt":1,"minecraft:orange_bed":1,"nefdecomod:reinforced_leather_helmet":3,"graveyard:tg_cobbled_deepslate_slab":11,"minecraft:rotten_flesh":23,"minecraft:beetroot_seeds":4,"graveyard:gray_urn":1,"minecraft:iron_block":2,"nuggets_dungeons_ii:air_essence":49,"graveyard:tg_rooted_dirt":1,"graveyard:tg_moss_block":3,"minecraft:iron_bars":3,"minecraft:cobblestone":11,"minecraft:nautilus_shell":4,"minecraft:birch_log":34,"minecraft:leather_chestplate":1,"minecraft:repeater":1,"minecraft:golden_carrot":9,"minecraft:leather":12,"minecraft:black_bed":1,"nefdecomod:coin":25,"nefdecomod:reinforced_chainmail_chestplate":3,"minecraft:birch_planks":93,"duneons:swampdirt":3,"paraglider:spirit_orb":16,"graveyard:small_light_gray_urn":2,"minecraft:oak_log":44,"minecraft:gunpowder":4,"minecraft:lantern":1,"minecraft:dirt":10,"minecraft:white_banner":6,"minecraft:bone":21,"minecraft:red_carpet":12,"minecraft:apple":129,"minecraft:stone_bricks":11,"minecraft:wheat_seeds":5,"nefdecomod:cage":9,"minecraft:cobweb":3,"duneons:swampfern":21,"duneons:full_plate_spooky_helmet":1,"nefdecomod:reinforced_leather_chestplate":3,"minecraft:oak_planks":170,"graveyard:small_light_blue_urn":1,"minecraft:book":369,"minecraft:dandelion":1,"nefdecomod:reinforced_chainmail_boots":4,"minecraft:jungle_planks":2,"duneons:full_plate_spooky_chestplate":1,"minecraft:ink_sac":4,"nefdecomod:fruit_box_apples":1,"nefdecomod:reinforced_chainmail_leggings":3,"graveyard:moss_block":1,"duneons:wood_stronghold":2,"nefdecomod:reinforced_chainmail_helmet":3,"minecraft:slime_ball":52,"minecraft:diamond":1,"minecraft:soul_lantern":4,"minecraft:honey_block":25,"minecraft:iron_helmet":1,"graveyard:tg_deepslate_brick_slab":4,"minecraft:crossbow":2,"minecraft:granite":1,"minecraft:bone_meal":13,"minecraft:golden_apple":1,"minecraft:emerald":1,"minecraft:bread":58,"minecraft:oak_sapling":7,"minecraft:coal":5,"minecraft:stripped_dark_oak_log":7,"minecraft:bricks":1,"graveyard:tg_polished_deepslate_slab":9,"minecraft:wooden_axe":1,"minecraft:ender_pearl":3}},"DataVersion":2586}